"Laptop","Details","Price","Images"
"Apple Macbook Pro 15"" 2017 i7 2.9 GHz MPTT2LL/A i7 16GB 512GB TouchBar GRAY","This product is available without the tax for global buyer During 2018's pring Festival from china sales promotion, Purchase to visit : www.salehol...","$440.00","Successfully downloaded"
"Buy Brand New Bitmain Antminer s9 Fast Delivery Free Shipping","Releasing new batch of Antminer S9 In Stock Now : Visit: https://goo.gl/Zfw6AcOrder while the batch lasts!USD and BTC payments accepted.Fast Delive...","$1,699.00","Successfully downloaded"
"Avast technical support helpline number 1-800-875-256","Avast is an antivirus that provides internet security; many users using this security in a smooth and easy way. But our new users may have some pro...","
 ","Successfully downloaded"
"Apple iMac MD096LL/A 27-Inch Desktop","This product is available without the tax for global buyer During 2018's  Spring Festival from china sales promotion, Purchase to visit : www....","$420.00","Successfully downloaded"
"New 2017 Apple MacBook Pro With Touch Bar MLW82LL/A Intel Core i7 2.70 GHz","This product is available without the tax for global buyer During 2018's  Spring Festival from china sales promotion, Purchase to visit : www....","$399.00","Successfully downloaded"
"Buy Brand New Bitmain Antminer s9 Fast Delivery Free Shipping","Releasing new batch of Antminer S9 In Stock Now : Visit: https://goo.gl/Zfw6AcOrder while the batch lasts!USD and BTC payments accepted.Fast Delive...","$1,699.00","Successfully downloaded"
"Seiko Instruments SLP620 / SLP650 Direct Thermal Printer – Printhead – SLP 620 Head Mechanism - B...","https://www.seikoprinter.com   Printer :- SLP620 RS. 5000/-   Print Technology :-  Direct Thermal Print Speed:-&...","$70.00","Successfully downloaded"
"Apple MacBook Pro MC976LL/A 15.4-Inch Laptop with Retina Display","This product is available without the tax for global buyer During 2018's  Spring Festival from china sales promotion, Purchase to visit : www....","$388.00","Successfully downloaded"
"Apple MacBook MLH72E/A 12-Inch Laptop","This product is available without the tax for global buyer During 2018's pring Festival from china sales promotion, Purchase to visit : www.salehol...","$370.00","Successfully downloaded"
"USB to RS-232 interface converter (2-channels)","USB to RS-232 interface converter is intended for conversion from USB interface (USB 1.1, USB 2.0) into two independent RS-232 interfaces ...","$80.00","Successfully downloaded"
,"Xerox Workcentre 7830 is a refurbished unit with copier, printer, scanner, advanced finisher, with 2 trays and high-capacity tandem tray. can print...","$3,800.00","Successfully downloaded"
,"Dial  AVG helpline Number UK 0-800-086-9127 and get fixed your technical problems regarding AVG Antivirus produc...","
 ","Successfully downloaded"
